{
    "library": "pyronn",
    "batch_size": 32,
    "warmup": 50,
    "repeats": 250,
    "gpu": "GeForce GTX 1650",
    "results": [
        {
            "task": "parallel forward",
            "num angles": 256,
            "det count": 256,
            "time": 18.52125358581543,
            "fps": 431.936205772099
        },
        {
            "task": "parallel backward",
            "num angles": 256,
            "det count": 256,
            "time": 3.7540929317474365,
            "fps": 2131.0074485226446
        },
        {
            "task": "fanbeam forward",
            "num angles": 256,
            "det count": 256,
            "source distance": 256,
            "detector distance": 256,
            "time": 19.825487852096558,
            "fps": 403.5209655208558
        },
        {
            "task": "fanbeam backward",
            "num angles": 256,
            "det count": 256,
            "source distance": 256,
            "detector distance": 256,
            "time": 8.16792345046997,
            "fps": 979.4411086871402
        }
    ]
}