{
    "library": "TorchRadon",
    "batch_size": 32,
    "warmup": 50,
    "repeats": 250,
    "gpu": "GeForce GTX 1650",
    "results": [
        {
            "task": "parallel forward",
            "num angles": 256,
            "det count": 256,
            "time": 1.220390796661377,
            "fps": 6555.277229134798
        },
        {
            "task": "parallel backward",
            "num angles": 256,
            "det count": 256,
            "time": 1.2455790042877197,
            "fps": 6422.715839349567
        },
        {
            "task": "fanbeam forward",
            "num angles": 256,
            "det count": 256,
            "source distance": 256,
            "detector distance": 256,
            "time": 1.2151730060577393,
            "fps": 6583.424714110114
        },
        {
            "task": "fanbeam backward",
            "num angles": 256,
            "det count": 256,
            "source distance": 256,
            "detector distance": 256,
            "time": 1.2279400825500488,
            "fps": 6514.9758637949935
        }
    ]
}