{
    "library": "TorchRadon half",
    "batch_size": 32,
    "warmup": 50,
    "repeats": 250,
    "gpu": "GeForce GTX 1650",
    "results": [
        {
            "task": "parallel forward",
            "num angles": 256,
            "det count": 256,
            "time": 0.4983847141265869,
            "fps": 16051.85667465725
        },
        {
            "task": "parallel backward",
            "num angles": 256,
            "det count": 256,
            "time": 0.5083968639373779,
            "fps": 15735.738293195696
        },
        {
            "task": "fanbeam forward",
            "num angles": 256,
            "det count": 256,
            "source distance": 256,
            "detector distance": 256,
            "time": 0.47966814041137695,
            "fps": 16678.197541197907
        },
        {
            "task": "fanbeam backward",
            "num angles": 256,
            "det count": 256,
            "source distance": 256,
            "detector distance": 256,
            "time": 0.4881608486175537,
            "fps": 16388.04099643711
        }
    ]
}