{
    "library": "TorchRadon half",
    "batch_size": 32,
    "warmup": 50,
    "repeats": 250,
    "gpu": "GeForce GTX 1650",
    "results": [
        {
            "task": "parallel forward",
            "num angles": 256,
            "det count": 256,
            "time": 0.49651169776916504,
            "fps": 16112.409910872448
        },
        {
            "task": "parallel backward",
            "num angles": 256,
            "det count": 256,
            "time": 0.5144717693328857,
            "fps": 15549.929999800728
        },
        {
            "task": "fanbeam forward",
            "num angles": 256,
            "det count": 256,
            "source distance": 256,
            "detector distance": 256,
            "time": 0.4834573268890381,
            "fps": 16547.47907427234
        },
        {
            "task": "fanbeam backward",
            "num angles": 256,
            "det count": 256,
            "source distance": 256,
            "detector distance": 256,
            "time": 0.49294090270996094,
            "fps": 16229.12595814164
        }
    ]
}