{
    "library": "TorchRadon",
    "batch_size": 32,
    "warmup": 50,
    "repeats": 250,
    "gpu": "GeForce GTX 1650",
    "results": [
        {
            "task": "parallel forward",
            "num angles": 256,
            "det count": 256,
            "time": 1.209118127822876,
            "fps": 6616.39240692281
        },
        {
            "task": "parallel backward",
            "num angles": 256,
            "det count": 256,
            "time": 1.2396612167358398,
            "fps": 6453.376045001111
        },
        {
            "task": "fanbeam forward",
            "num angles": 256,
            "det count": 256,
            "source distance": 256,
            "detector distance": 256,
            "time": 1.2110826969146729,
            "fps": 6605.6595642730435
        },
        {
            "task": "fanbeam backward",
            "num angles": 256,
            "det count": 256,
            "source distance": 256,
            "detector distance": 256,
            "time": 1.2170476913452148,
            "fps": 6573.283904065847
        }
    ]
}